,precision,recall,f1-score,support
Damaged,0.9398496240601504,0.9029927760577915,0.9210526315789473,969.0
Undamaged,0.7218934911242604,0.8133333333333334,0.7648902821316614,300.0
accuracy,0.8817966903073287,0.8817966903073287,0.8817966903073287,0.8817966903073287
macro avg,0.8308715575922054,0.8581630546955624,0.8429714568553044,1269.0
weighted avg,0.8883233514984742,0.8817966903073287,0.8841348184708419,1269.0
