Model,Test Accuracy
Custom CNN,0.8518518805503845
MobileNetV2,0.8817967176437378
