,precision,recall,f1-score,support
Damaged,0.8893320039880359,0.9205366357069144,0.9046653144016227,969.0
Undamaged,0.7105263157894737,0.63,0.6678445229681979,300.0
accuracy,0.8518518518518519,0.8518518518518519,0.8518518518518519,0.8518518518518519
macro avg,0.7999291598887548,0.7752683178534572,0.7862549186849103,1269.0
weighted avg,0.8470611557141441,0.8518518518518519,0.8486793116986853,1269.0
